Medicine_ID,Counterfeit_sales
HLZ81,2146.0342818000004
ECE94,3929.2237845999985
SAD14,1539.4385494000007
EQV63,356.9804125999999
AIR10,317.66092780000037
LIC37,495.4102195999999
EXZ14,4091.5072082000015
UCB79,3618.137389999998
IDJ12,5537.083512799998
KLQ71,1539.723511800001
NZS82,2606.0308412
TZV99,3943.455259599998
FWK70,2552.924635799999
LKL13,2595.3134585999987
UFQ12,5772.616920799998
JPE14,2904.7153792000026
SGZ11,2484.7986481999988
JSD91,2594.4419263999994
KSO48,2981.0606677999995
LNA17,822.9432058
XQB11,1740.4755278000023
ZKO55,1716.7597318000023
DZC65,950.1143347999991
CYS10,2996.176991
IOW64,2570.6089496
JJQ10,2971.3146874
ZVR52,1957.1647984000026
DRH86,882.5023447999994
HWM68,2573.855390400001
OHY21,2568.1235181999987
EVB28,966.983709399999
WGT10,2458.5734519999987
TXX50,2832.9561209999993
XHQ12,759.7601173999999
BUQ68,2661.1790551999998
GPT11,2470.6710379999968
DBA13,836.3577441999997
VLR10,1761.9495752000003
TXX50,2724.8308668000004
PPB10,3769.0875660000006
IAS38,3002.458814
FLZ93,2583.117334199998
DEE35,2583.6766061999983
DFS52,2911.151002000002
JCW15,597.736355799999
CGG23,1143.9513519999975
OJV12,1825.873033200003
MCQ36,3740.6099684000005
YJD12,2877.2644451999986
EOK39,283.61391320000024
IYM95,2972.128295
JBY12,2867.420592199998
EVE11,3506.3915154
IAS38,2964.341098200003
LKG52,3146.0512341999993
LCH20,776.5156401999999
DQX15,262.08060960000023
CPF13,2887.600990199997
MXD18,3938.531002799998
UJL53,3550.4115481999966
NQG12,4125.514940600003
RTM43,1291.5825149999998
VOR91,904.7174275999996
BKR48,1901.979965400002
TYB54,4469.2834598
JDT14,2959.2104434000003
YST51,935.4321131999993
YRD11,433.2657792000005
IKQ41,2962.9955164000007
KKJ43,1530.022805800001
BFA10,3765.171996199998
JIV77,428.62648480000064
OIT11,2867.550423199998
EVB28,959.2457817999986
IZD14,819.0109910000001
DVR14,1851.9843776000023
HAY13,2788.645133600002
KEB73,1475.4292032000008
UHF16,2929.965844200002
KOE13,2667.074048399999
OCC17,1832.738762800003
XSM88,2800.964430999998
XKD99,3005.3097696000023
DZO55,1884.476083400003
EPQ18,987.1008563999987
WGC12,4580.378847799998
GTU11,3606.3454061999987
DPL20,760.0963463999998
LCT65,759.6795555999998
KKK25,1710.3973470000021
OYJ39,2131.980575400003
PRC68,1554.071501800001
BKA11,3831.995679
MCS10,4055.0946062000025
OMK35,2563.915662200001
INQ59,223.35634999999988
WAF13,3976.5614987999975
QEG30,1942.1669876000028
HNB36,1958.6854856000025
JFM47,2975.2249307999996
DHX14,1950.2171754000033
TIG24,1538.7514438000005
WXI33,976.639806799999
QBL45,2484.8911944000015
DPT13,1541.5251666000008
YHP10,2582.849016799998
IHZ66,2977.3807911999997
LSZ55,1096.8486651999985
SLH10,975.438703599999
DIX98,1824.3157270000024
XEX60,2550.1242810000003
SFC11,276.4059624000003
QGV13,3813.9791309999973
YJY59,3941.1695681999977
LHQ13,900.4782789999997
FWW89,1515.5116948000011
AAS12,2593.544427999999
YHP10,2589.0236459999983
JZL95,3939.6755129999983
DBJ11,3976.307828999998
BNO11,3950.4075431999977
MBQ12,3631.761655399998
NQE11,3652.4580483999994
BJQ15,776.6807585999999
JZK98,2888.630982800002
MSY10,6061.996237999999
DDK20,2582.2830867999983
QAU14,1561.2368414000007
YMG27,182.65732759999983
PJB12,2139.4022480000026
MKO99,1542.2808496000007
SYW15,553.6244426000002
TTJ13,1591.8889418000006
KIT10,436.24590000000046
PYY23,3801.382194999999
QQR55,2861.6900515999987
QBT13,1713.1424404000022
KBR18,1722.6553908000026
IAP53,2547.777335999999
HPW53,3770.9870933999982
UCX61,1129.339705199998
IWE13,2957.4793634
OJE14,2982.7684447999986
SFI23,1999.553621200003
MRG11,2626.247192399999
GLQ11,1710.7821794000013
JXC75,2981.2670657999997
FTY40,2801.0263504000013
GUM11,810.9694586
LZQ97,5392.284662999998
NGH10,2000.4224902000026
MKR14,3356.0132616000014
MWN81,3315.9327673999987
QKY68,968.3006617999986
JEF58,1709.343385600002
IJC44,3918.674183599998
ZJB56,1873.1155380000032
OIY11,1823.4069100000029
DXX87,509.20026920000004
VPX10,2977.6790696000007
LHK43,1836.362046400003
UQE10,3918.1821573999982
MAJ12,1880.6384122000038
GWU14,3979.085546599997
DCB19,3897.1022635999984
FVD11,777.0063347999999
CPZ57,793.6812957999999
HWM68,1540.071059400001
TGT13,2588.8785015999993
OTB75,456.3477336000005
VIQ13,3211.832274199998
XXE14,1834.0603758000034
RNV12,777.1195207999999
DST32,2813.1485710000006
CWT37,3679.6293464000014
NCG56,2969.1748062
QJZ43,1532.5348692000002
RHR86,1550.4096018000007
QRC11,1833.2447708000032
ATT10,434.6786068000004
YYJ78,776.3398689999997
CQU27,315.9857750000002
ATT10,436.6180822000006
YTK96,2477.3083981999994
UNI81,1526.1764792000008
IIG27,976.005965199999
MCS10,2575.906054399999
BTP27,1577.0995264000012
OLY11,1901.245588000002
TVT11,1876.137604200003
QFD24,3933.5195261999993
UYQ40,776.7519991999999
KBP10,431.02269900000056
AKD11,3962.1535867999974
IUN21,4313.7512482
PDQ67,776.6215023999997
RDQ13,1533.3091946000006
VLR87,3083.8202398
HZC96,3622.7560445999984
QXV86,2582.7997475999987
TGT13,2591.437836799999
XJA26,2652.3119308
EWT46,3934.4043743999987
QRC11,1849.6474196000024
RDJ83,1024.3550295999992
URG12,379.07565140000014
BTP27,1607.4560116000016
ORN12,4088.361303200003
RFR49,3553.2378691999975
ZEE32,3867.825705999999
OKA72,353.2945437999998
FSJ13,2587.5142773999974
IYX45,801.3839359999997
DSY84,1827.8111770000032
CSM50,1792.2960734000021
WOX94,2983.8403827999996
UYH58,2598.691727799998
OLD10,4810.184378399997
IAP71,2972.3619908
ATT10,2722.9939245999994
JHP96,179.71848639999982
RUT58,1709.1230058000024
UTN77,1536.3226054000006
CTM81,419.4118128000004
YAA14,1728.6742228000026
JJZ12,2117.1345670000023
BKA11,3850.184669199999
LWT80,1737.0360050000018
GKI48,1621.9305036000028
UAV72,1537.4358230000007
OIF72,2497.5314074000007
JYY11,5467.7504297999985
LLH93,3916.410463599998
AZB11,3906.788321999999
JEM14,2591.473124199998
AHD74,2779.3685422000017
UYA56,5378.846155799999
XRJ35,788.2390465999996
RAH15,2888.2441529999987
TRZ29,4172.4937886000025
HMI21,1532.3298028000004
NEH32,906.7194881999997
XEI37,3543.0804243999983
BEY15,2703.0525488
JJD44,1539.984505400001
NUW49,2581.076657199999
IKU77,902.0615513999998
WDW84,2582.2990659999987
XBN75,3565.3434447999975
BTP27,1578.9637664000018
KSO48,2992.871959799998
SAC31,2861.412412999998
KTH72,551.4326289999997
VZK61,3753.6703012000007
QAU14,1614.5234786000017
XVT88,3983.150255599998
KRS13,3979.036943199999
FDZ11,3029.444353799998
DHT27,3988.2083381999983
GRD25,2571.4145676
UQJ12,1535.3385530000005
GAC11,2579.974758199999
TKA46,496.54607440000024
YST51,903.4663893999996
CCH19,2598.6424585999976
FTY40,2873.3069299999984
KVN10,3927.6951077999975
LWT80,1724.2366658000014
ONO10,4803.331298999995
STR65,2908.7481298
VFE97,3948.2403641999986
HWE10,759.3925957999998
PRC68,1568.499387800001
RVX39,873.2104399999993
VMN22,2875.219107599997
XBY11,456.8683892000003
ZRF15,2539.117941199999
EOX12,2145.5928564000033
JNT60,2994.5923870000006
UIR34,2751.5094728
ACC80,4835.949506799995
IVE63,354.2712723999999
JES16,872.4880469999994
QEF34,3592.930201999998
NZA81,857.1466833999996
KTS65,2966.248615199999
ORX66,2979.1132027999997
DKW49,2581.1159393999988
DVR14,1938.267397000003
KAY10,3914.295216999998
ENH17,551.5864288000001
XHQ90,776.8831617999998
WVJ47,2730.8157429999987
UAS12,196.04390239999987
TPH13,2586.115431599999
OUB13,287.86304880000046
QQF11,1538.957841800001
NMJ18,1528.093317400001
JWP65,512.9567127999995
UYQ40,759.4898026
OJV12,1828.5635310000027
GWU14,3926.982701799997
RLY93,776.4144385999998
IFX14,1551.8603800000012
ANV76,2179.4055094000028
AHC49,2952.8953304
QXV86,2585.114734199998
TNC52,2972.3619908
AEF11,775.8138869999999
DMF12,2690.7112799999986
PIV47,2146.127493800003
FKP38,2810.3215842000013
JSI16,5826.4235478
GEL15,3831.846539799998
SAD14,1539.5623882000007
APX64,332.3897554000001
HFF15,1453.5117330000005
OJL17,2060.6540872000023
RMM57,3726.3731669999997
JJZ12,3377.959361199999
CYP90,2587.637450399999
HOA15,2978.1105079999998
TWM83,1962.427947400003
XFX12,1562.0517806000007
UIR34,1532.3218132000004
NXT21,2978.1531191999993
YOC67,2973.036446200001
CTT10,1690.011216800002
XTA25,3736.571891399999
CNH11,2593.9345867999978
OIR82,3931.3956241999995
KGC13,3728.4464682000003
LKT15,2808.8261974000015
YFD14,3983.571041199998
LGE15,2555.5452245999995
UTN77,1543.845479600001
ZPQ72,1848.0395126000012
KSA50,1746.4098032000031
WIW15,334.242011
WDS14,760.2002111999999
CUY60,4165.687981000002
ACW12,3684.909806199999
HER33,1743.0435184000025
GMM11,3947.954735999998
XXE14,2944.3844089999993
OJX13,3977.6580714000006
GUA99,1591.2204786000011
HRH29,2059.5754912000025
WFU12,947.9744535999996
JZM41,2552.4405991999997
QMP15,1536.871224600001
AHD74,476.2311848000002
KSE64,2868.0837289999986
YEC92,359.9838363999999
SZO25,4442.6181698
LKT15,2878.008809599998
SAS13,2968.6554822
DUZ10,802.8886439999999
DZI47,2972.3326956000005
MEF33,2890.250874199998
DQX15,1797.034572000002
KTH72,2977.8535092
HPD36,465.88198960000057
NPE65,2484.463085000001
MRG11,2611.487072199999
PQM96,1831.6175556000017
UYP13,326.37691560000025
INU15,1517.546379600001
ZGG52,3123.7369471999987
TQD35,554.3794597999995
YOC67,2899.036105200003
OUB13,1477.103024400001
MII51,1541.750207000001
VIC29,1111.786553999999
RDC11,4796.010827999995
EZE26,2802.1335757999987
ZXO53,5569.896134199998
VVO38,301.4387108
DKR87,1705.3645648000015
JKR96,1536.7906628000007
SDZ43,1167.159142599998
GGP12,776.0975177999998
FWU13,627.3897562
UFA10,2562.590054399999
ZPF14,1827.3204824000031
YCY11,1714.5159858000018
WVE39,2909.1376228000017
EFJ10,4012.239057599998
HLZ81,1467.1379958000005
UXH58,2978.6657852
LHC12,759.3593057999999
PAL64,4791.7836637999935
PIN15,5367.6480655999985
QAU14,320.68432560000025
ZQW57,800.8459695999998
ELK66,4282.997946200001
ARR74,514.84359
LJD10,781.6849113999998
IGQ78,1538.6708820000008
LKG52,1873.019662800003
KGF12,3004.936255799999
RWW49,1537.5583302000007
TZF64,1957.0096670000037
YST51,887.3034285999993
VOE12,616.8361603999996
SPK13,3484.988042800001
HWE10,1137.4824391999978
HDN12,330.4589354
MTV83,1719.3057510000026
WET13,1680.2645706000014
LGX26,1518.784101800001
XIL11,2977.4966403999993
OHY21,2581.219804199998
BYA70,1703.5888762000018
UMO34,3830.4976289999995
IMW22,3773.3646651999993
CKE54,802.5424279999999
HHT59,1149.8163841999979
DUZ10,798.8552276
KYV41,595.9094005999995
WUK60,3848.1253497999996
ZYP12,811.1798514000001
JSD91,2598.4027705999983
HPG22,3898.9971303999982
DIX98,344.1717521999998
MDI34,759.3652979999999
RDC11,2959.3862146
JYY11,2994.076392
OKA72,1936.554959400003
KIS14,1515.6967872000016
ZJG11,2866.9651849999977
NPE65,2587.6714061999987
PRU76,341.8720789999999
TIQ73,2738.2747003999984
ZSC82,475.06204000000025
ZRC14,2846.081036399999
QAE90,883.3945167999995
YTL30,5293.049836199998
KJO95,1536.0429694000006
RIM99,923.9710319999991
MGD92,3466.255093999998
TKM11,593.0091757999992
NXW60,1024.770488799999
BCL11,3847.8790038
FKW44,567.7027835999999
WVF37,1901.1983162000024
OAO12,399.35458780000033
UCB79,5274.299576599999
NWQ13,2752.922300399999
FCY92,2579.4754081999986
TMZ19,3758.1697776
LZQ97,2996.4299949999995
QKO94,1033.0750121999993
SKG14,2964.9809319999995
GTU11,547.3912229999992
CEI27,262.3935356000002
MUE19,3937.7959595999982
TQD35,3501.694962199998
ADT76,2992.949192599999
WPJ11,2995.7322366
GKK14,1817.4187048000024
COQ16,1629.1950474000023
JTJ14,1908.3004048000025
CFL52,4040.6793704000024
QUH78,2576.337492799999
CQK14,1448.6933384000006
URV12,428.36415960000045
CTT10,2672.1714132
EKB79,2900.782498599999
TRX84,3676.380908199997
EGU28,2978.2802869999996
KAF29,434.36568080000063
YQV21,3923.2795221999995
SZO25,513.4134515999999
DUZ10,802.5424279999999
HLD43,2119.516799400002
CYJ45,2590.012358999999
BQB14,1930.8543798000028
NAI10,3411.4364509999973
HPG22,3901.3360857999987
NCI72,3764.269171400001
DDK20,2580.0073823999987
YGZ30,1709.5091698000022
ORW88,3970.2157589999983
ALQ91,1158.4784421999977
MRG12,5762.835653000003
WWF98,1935.577565000003
VDZ97,2977.7429864
VMN22,2872.5385967999982
PAN11,1932.498905800003
MAJ12,3101.2622024
ACC80,2972.7155305999995
GNX16,1545.4400706000008
XPC22,1321.7532419999998
ZQS14,3880.8980231999985
LTH47,1710.4286396000018
XSM88,454.9056108000002
HLH13,2665.9528411999995
XBT14,305.35161740000024
BGH11,2719.9052784
FAC22,988.0922325999989
YQO80,2592.1003077999985
IUN21,2597.4393580000005
QWO29,3688.133609799998
GNK67,3915.314556799999
NCN85,365.34019739999985
ZPQ72,967.6168851999989
KSE64,2873.7090731999983
MIH17,4806.473209199996
QKY68,989.154183599999
FSJ13,2585.8684197999983
VNP14,610.968464999999
KYJ80,4599.117122999998
ENI41,2126.641525200003
JPO54,3751.233473199999
NUU36,759.5630405999999
WBL95,181.29044019999967
EWF75,2874.031320399998
SPK13,2129.6096616000036
XBT14,1512.194013400001
OKF75,5800.717675599998
FKP38,2897.3722709999984
ASL20,3855.0996048
WJO14,223.97820719999993
LOS50,2874.5359967999984
MIH17,2892.1177773999984
RVU10,2563.439615199999
JGK92,5907.7064091999955
YEC92,1878.9226456000035
KJO95,1566.4507212000012
VIC83,2551.030434799999
XBY11,2590.4744241999974
JET13,555.7929531999995
JLD12,1504.1238516000005
TNK24,2503.1454329999997
PRU76,1829.3438486000032
ZAC12,4821.329870399996
DJA22,3280.836452
VPX10,2972.3040662000008
FPC14,1536.0656066000008
AEF11,181.8483805999999
YBZ14,3556.710016200001
MRG11,2513.085161200002
ZEE32,3870.3404326
PYU86,1952.021493400003
FDI10,323.02128360000023
LAP14,3264.643530199999
RHG44,811.5573600000001
QKY68,264.62063660000024
SFZ66,3930.114624999999
GWU14,3749.8392879999997
IOW64,2461.9910033999986
NLT14,3229.561862399999
DSP10,2775.8457944000015
EWF75,2865.085631599998
OGE14,333.64612000000017
IOW64,2572.9239361999994
ZRC14,2839.5721755999994
NNX49,3939.782706799998
TKM11,586.4317375999993
NJD55,2587.9949849999985
PPX45,785.6544109999999
BNU14,339.4705384000001
OHK62,1538.881274800001
CEY52,187.67146739999995
ZNR36,320.25421880000016
NKH42,2974.3607224000007
HMD10,1706.951166200002
KNX65,1543.0758148000011
OGE14,1748.9238640000026
KAE47,2261.503310000001
QTR25,1547.139858000001
QYN11,1541.5444748000011
ADO13,615.6576943999997
WOT11,2591.4371709999987
HPG22,3880.273502799998
ZWS21,2584.1866089999985
QEG60,4182.827670400002
LVI11,193.79549580000005
QTC50,777.7194066
OJX13,2191.567012200003
JVY11,2589.3918333999973
VMN13,777.3126027999998
XGE53,2594.965245199999
UFA10,2468.4093154000016
OPM10,2884.2580084000024
PNK10,365.3142312000001
GDV12,947.6428851999989
BGH11,1538.7387936000007
UBT47,1534.239983000001
HRW59,901.6321103999995
JWP65,2902.713984400002
QBS73,604.9742676000001
NTB26,811.1918358
YSQ17,3773.0177833999996
WGC12,2813.016742600001
GLJ63,1626.8614184000023
RXK11,1536.082917400001
DWE31,3944.752903799998
OGW98,2888.8926421999977
BGU29,3942.2375113999983
LLI13,1697.7198492000014
UNO45,1708.1249716000016
JNE88,3827.243198599998
BDC33,1537.7813732000004
SHY10,3719.5120979999983
YPI13,3658.626685399999
YLQ15,1712.7809110000017
FWX31,4178.094498200002
VFE97,3954.707279599999
RWJ12,1639.172060400003
NKD77,4041.4803278000018
DGB94,759.8586557999998
YRD11,2597.216314999999
KJO51,530.4705817999992
HCI51,184.6061241999999
FTY40,2874.373541599998
QJZ43,1542.423996600001
BJE52,2587.0122641999983
SXA15,1535.161450200001
RQL15,1522.9473492000006
OUO54,2744.9646588
PXU66,260.61118900000037
UJM11,3930.420892999998
DMG17,433.5374256000006
SGZ11,343.0432211999999
WEP87,2919.8110625999993
SKA90,1693.8755200000012
CYS10,3071.7599386000006
NDQ15,1944.135758200003
GZY97,2595.604413199999
CKJ42,2809.8335528000016
IPC15,2869.1017371999983
ENI41,2122.0941112000028
FCQ55,1713.464687600002
BXE31,995.5811509999987
NMP43,4032.241686999997
MEF33,492.2416773999998
IWK67,2618.4686509999997
PRU10,2931.3001073999994
FKP38,2891.041844599998
EQV54,1527.6319180000007
AHF89,1569.336964200001
PHH13,2960.2377727999983
GRM60,275.5397566000003
PAL64,2977.6790696000007
NDP41,918.8303901999991
AHD74,2872.7063783999984
SBH11,2479.648685200001
JTW13,1485.0813058000008
UQE10,3913.382405199998
AXH89,4239.842121800003
CQU27,1569.7151386000012
PIN15,2983.1719195999995
ZKQ11,3355.1743535999976
PPB10,3958.313252399999
UJM11,3747.2866108000007
TKM11,3971.526053399997
WJU16,777.4970294
YBZ14,2182.5474196000023
PRU10,475.05072140000016
WUJ11,2849.5105721999994
ORS21,2841.2519889999994
OYJ39,2108.6196508000025
HRW59,1803.351016600001
VKG12,2589.392499199999
MJH13,2787.3754530000015
RXO14,777.3998225999999
SVQ36,2867.5284517999985
SRC13,601.7970699999997
PJB12,2141.307101800003
XPC22,1277.4715497999994
JVG23,2978.4380815999994
GUM11,786.6091681999998
UYA56,2938.1445314000025
TKA46,2598.0938393999986
VIC29,1476.0277574000008
ESB61,1736.4334560000027
DRH86,258.16304240000005
VSL11,604.2598641999991
DXX87,2866.9718429999984
LCH20,183.41500799999997
EJZ14,2589.8765357999982
GMU28,1694.8043110000015
AEF11,775.8138869999999
KFJ98,1823.048043800003
JYM14,3967.281578399997
CGH10,772.7758415999998
XHQ12,777.0223139999998
RLS13,4076.125896600002
ZQK44,4522.261165799999
VJX78,2463.8452563999977
RCF13,3841.3861221999996
RXK11,1533.000929200001
TXX50,2771.6485911999994
OPR10,3903.5159149999986
OCU12,2991.813337799999
SIY12,318.3313884000003
HKA14,1652.0013606000025
OOL46,1269.3547819999997
OJT30,872.1897685999995
TZF64,1969.832975000003
JUP10,2127.7986856000025
GMC11,2953.0158402000006
YMU12,1709.296113800002
XRU43,5637.317039599998
OJS40,1830.8911678000024
VGE44,781.2880945999998
JJD44,2652.988383600001
RCV45,2972.7155305999995
XRH13,1533.8451636000013
CGQ37,537.9881295999998
YKM69,2588.301252999998
CQK14,1400.7104639999995
HLH13,2739.477135199999
FHS14,2782.057708400002
JTU15,1823.0580308000028
QKH44,776.5209665999997
YEY91,2591.606949999999
WRY47,1474.9418376000008
ZEO73,507.8253922000002
JES16,883.8346105999995
JWP65,2970.949828999999
IKW10,6003.124204599996
OPP86,2727.744407599999
AEN20,1934.218001400003
LOK28,1932.8557746000033
APX64,339.7068974000002
IHO60,3975.3344293999976
CNH11,2500.959611600001
SLY12,2578.8009527999984
CKJ42,2886.9445113999973
JZM41,4100.628668200003
AUN96,3931.9156139999973
GDV12,986.7160239999989
WLW19,1724.644801200002
ORW88,3965.260209599998
KTI10,2976.8075373999995
KGC13,598.9933861999997
IXX58,2804.807428599998
DVT10,901.0715067999996
RLY93,759.4984579999999
DCV26,2176.6011598000027
NWQ13,1627.653054600002
WXN13,2801.377226999999
AHZ10,2617.5325362
JFM47,5367.041521799999
FKP21,331.3744104000003
UAV72,1532.1606896
WJW10,2624.5407469999986
LHK43,1845.7531554000038
NQE11,3418.5858113999993
ZAC12,2968.6215264
LOS50,2869.845435799998
SWZ52,956.155138199999
VKW64,2970.0563254
DLH42,2994.8766835999995
FHS14,2866.660914399998
NEH32,920.6999565999992
ZEP43,1715.2177390000024
SIJ28,2584.6733087999987
TWW48,1518.7747806000004
CTO12,981.593358799999
WET13,1702.9024364000018
HLD43,2004.8240940000035
OIF72,4134.540525400002
XRI86,2476.602650200001
WBN96,2945.0442168000013
LSU81,2987.630116399999
YEY31,2979.1105396000003
VPO73,1823.2038410000025
SMU22,548.3093611999992
KAF29,2493.8248988000005
IFX12,1710.9686034000015
CTT10,1636.5088604000023
MCJ75,1149.0720197999976
UYH71,2593.2295045999986
FOG11,2959.6525346
UCB79,3621.054925599997
CPZ57,802.8886439999999
FTF15,2633.4884332000006
KBE13,1531.1173810000007
QHL12,2978.982706
QGQ10,1691.6817090000025
DFL12,1815.3067872000022
FTY40,4605.339023999998
HTQ14,2925.558248200002
BSV80,1960.9591926000026
DCV26,2398.8511919999987
JMH12,2781.0257184000016
EZH74,3904.491311999999
HWE10,776.6547923999997
UYQ40,776.2539807999999
IBY35,3876.5922945999982
JTW13,1488.4702278000009
SIQ14,1501.9899626000013
WZF50,2985.8118165999986
DZI47,2977.6005052
OGP11,3707.0682959999995
LOK28,1937.4964006000032
OEQ12,812.2418024
BON13,4123.433649800003
RHS94,2541.9043141999996
TTV54,2894.5286391999985
OIT11,507.6023491999998
NSF70,1947.9914060000033
OYN80,5342.092664199999
RMF83,2897.2537585999985
ZFU57,2893.0379129999983
JBP32,1716.6671856000023
ORW88,611.0084129999996
SKK32,2891.4932569999987
FQP55,1537.3525980000009
ZWG14,2987.3831045999996
QRC79,1745.152107000003
OXK54,1712.8142010000024
MJX11,777.0562698
AHD74,2864.8898863999984
BTP27,1590.6465590000016
WHA79,1546.936789000001
VPJ12,2486.1695304000013
MII51,1540.6915850000005
LOK28,1902.5678668000028
PZT93,1169.0293747999979
ZKO55,1716.0979266000022
FKP21,1720.1340062000022
PNK10,1969.4061972000027
WVE39,589.664862399999
QJS12,2584.2458651999987
MXK51,1814.5790678000023
YKM69,2586.6161131999984
OIF72,2591.391230799998
CTA35,2908.1895236000023
RAH15,2893.8382045999974
EVB28,987.1780891999988
KXU14,3511.4629139999997
BNB10,373.7572410000005
TVF57,1578.2453682000012
PYY23,3882.851480399998
TBK97,1544.4580156000009
DKY10,3897.276037399998
SWG81,1475.155559400001
LDO15,2931.8247578000028
HSB92,3240.9383869999997
TKA46,2594.688272399999
RZV10,321.7582610000002
FUN14,612.8094019999994
NAI10,3383.5627339999983
BTP27,2660.3414788000005
ZQK44,2784.941288200002
ADE15,3976.0468353999995
IKW10,3950.9288645999986
FAB15,2585.5381829999983
PJG77,2589.241362599998
JES16,901.5921623999997
KFB59,1476.7068734000009
KDE69,2209.9011468000026
OPR10,3815.0071261999983
PXM14,1590.6412326000016
OYC25,4069.818773200002
BFK13,265.99018720000026
TZF64,1974.1107400000028
IMO12,901.4743157999995
SFQ33,901.4283755999996
SVE76,1870.5928218000029
HJZ96,2584.7372255999985
RNM14,2593.482508599999
FOG11,1715.6025714000018
WPJ11,3059.356084600002
SGZ11,1479.8893974000014
ZGG52,1935.8618616000033
UIR34,1534.6880664000005
VNP14,3689.0450899999983
CPZ57,780.0230745999997
HOK90,3294.398797999998
ZVH10,2961.299057999998
JTL20,861.2832987999998
OOI14,2821.6728084000006
EHR84,1546.593902000001
YEY31,535.6405187999997
GLQ11,1692.325537600001
SSW11,2586.6660481999984
SSW11,421.5550230000005
HWE10,776.6547923999997
FMO17,1549.837013800001
TBI27,3838.3460793999993
XIL11,2968.0615886
ZIV91,2054.249091200002
QXX90,2868.710246799998
PRC68,1519.7069006000006
EEG76,1763.6680050000007
QMP15,1521.4339858000008
UXH58,5346.7898832
LCT65,776.9417521999998
HWG64,445.9599220000004
XIL11,2905.3984900000023
JZK98,2975.8740857999996
WUV14,3934.243250799999
QIN25,2586.6653823999977
INK89,1936.1401660000033
LNK13,1546.6837850000015
AJM90,3873.6967304
GCV94,1535.7866364000006
RGL63,3922.2561875999986
OVU58,252.47311560000009
OJT30,855.7604877999997
NJD55,2590.993748199998
QGQ10,1705.365230600002
QAU14,1558.0962628000002
JVE40,1961.4572110000026
CUP12,2971.1202738
EHR84,1544.228314600001
IAR88,2971.4984482
IGQ78,310.1606908000003
NGH10,3280.8178096000006
OOY30,1711.9839484000024
OCU12,2997.9986198
NQW13,760.2088666
NUY94,743.7363087999997
VSL11,3809.884460999998
LRF62,1816.1570138000025
PTX15,2900.4489328000022
RSY89,900.3863985999999
AQW42,3876.4225155999993
NQG12,2559.175166199999
DQX15,979.1512043999988
HMI21,2727.0939209999997
OPM10,2962.2764524000004
EVN95,5889.089309599998
LLH65,4429.5585028000005
COQ16,1711.1703408000021
QBV12,4067.1888632000027
JXN83,549.4938193999991
LWD10,2594.912646999998
AUO69,2865.8686123999983
FCY92,2577.9700343999984
DBA13,854.7444769999998
BYA70,1731.5757792000018
OUB13,1469.990283000001
IAP53,457.1813152000005
SPK13,2135.1364674000033
VHM53,1539.0057794000004
RXM37,777.0536065999999
GCR10,3986.630392199999
XRY13,2140.5214578000027
VJX78,2581.143902999998
KXA92,5398.284186799999
RLS13,2562.206553599998
URV12,442.21146800000037
IHZ66,2982.49813
RGM13,1632.6778472000021
WVX10,2971.727483400001
FCG79,1823.1891934000028
GZY97,4138.827611600002
YZE70,2582.098660199998
IHZ66,2991.123569
ITH16,1835.4911800000034
RCT12,2605.8970153999994
IMO12,903.9863791999993
NSE67,1536.5210138000004
CJZ63,1767.5609376000025
RZH55,882.2400195999993
YYE10,1811.8426298000015
IYX45,1287.975876399998
YSI78,2894.389486999997
KYV41,3742.6333346
JPO54,5696.3501965999985
CNC77,3726.7733127999995
TFO71,975.3414967999989
TKM11,3978.8079079999975
VUG26,2915.2256980000016
PJM18,2145.941735600003
GSG12,1824.4389000000026
OLY11,1931.4755712000024
UMO34,610.0310185999999
UJC79,255.97455780000018
YPI15,1830.0742312000034
JSI16,604.0634531999995
QMP15,1529.3483504000008
QXD11,1938.266731200003
PPB10,3948.797638799998
AHZ10,2608.2759188
UXH58,2976.2589182
HHJ28,2554.2176193999994
RLS13,2567.0995177999994
LIE73,778.7946735999999
WYF11,4853.577893399995
CGG23,777.0309693999998
RCK21,743.7436325999995
ZEP43,325.11189560000025
GSN53,2185.546848600003
MNO10,788.7284095999996
MVU13,297.41062080000034
FCJ12,4149.370554600002
YKM69,2587.1547453999983
LTH47,1712.2802294000016
WEA21,600.1119301999998
PTZ82,959.9162423999987
JKR96,310.16868040000014
IBE74,780.1202813999996
EIJ11,3915.558905399999
TVF57,1545.5099796000006
JEF58,1641.032305600003
SVE76,1936.0363012000032
NCS40,760.1030044
GKK14,1933.6087944000028
FWK70,2552.8274289999986
LOK28,1948.1385478000034
YPI15,1837.1809804000031
TBT30,3637.3943233999976
YTK96,1068.4483003999994
PHE51,2983.2851055999995
PAN12,2617.669691
FKP21,2952.0544250000003
KUR15,1710.0497994000018
OKA72,1934.586188800003
BAE93,1714.8821758000013
AWN68,261.89951200000013
KXV82,3973.221845999998
JVR13,2736.413123599999
RWW49,1538.7887286000007
GPT28,777.8072921999998
KNX65,2670.9996051999983
CJQ14,3369.1208661999985
DLH42,5403.1438610000005
OLD10,510.70497719999963
EEG76,853.7590929999999
TKG19,2070.8920938000024
KAF29,2593.158929799998
VZK61,3934.247245599998
THL13,2438.0115505999984
VFT71,1743.482280600003
KTS65,2963.5441356
UTN77,298.17495920000016
XXE14,1907.794396800004
MSJ80,4079.2538250000016
DIX98,1800.1032442000019
YOC67,545.8079505999998
WVX10,2970.3719146000003
ZLS67,355.6821025999999
RXK11,1536.7167590000008
GLS37,778.1794744
YYN48,3416.630356799998
MZW14,3410.1541202
CNO62,2591.9698109999986
BDC33,1541.011169000001
UOI59,4390.6717880000015
JCP13,593.3960055999995
IKQ41,525.5716254
OVU58,872.1897685999995
PYC12,1546.174448000001
COH93,981.0027941999988
RDC11,506.7747597999998
OJS40,1840.282276800003
ROJ11,2218.203672800002
HAQ14,974.017886399999
QUR48,1452.7001228000013
VKX48,2587.052212199998
IPR12,4151.1049636000025
GMI62,4475.278322999999
QTJ15,3830.546232399999
ARR74,4014.9495294000017
QQK28,2590.8312929999984
CKE54,802.8886439999999
TNC52,537.4821215999993
RZV10,1472.9391112000005
IYE11,320.0544788000001
XAG62,1537.473107800001
VPX10,572.0904055999993
MRS69,777.4311151999998
IRM25,541.2532127999992
KFT87,1630.7823146000019
KFT87,1646.358039800002
IZT30,2614.2641239999994
UYQ40,776.4057831999999
FBW60,1713.3042298000018
MKR14,556.5819261999998
OAO12,2583.415612599998
AQW42,3871.4902691999996
RCA58,2877.0780211999977
TNC52,2904.592872000003
HLD43,2131.876710600003
AJM90,3692.314833800001
XHP14,746.1544943999996
APE89,2976.595147200001
HTO82,2589.102876199998
RFR49,3360.256405000001
QHL12,577.2856429999991
ADO13,5903.085757199997
WCQ91,2868.710246799998
PNU88,3960.863266399999
TTV54,2959.0892678
EOF58,432.81836160000046
XVN59,745.8029519999997
FFG32,3304.4437225999995
ELY14,3589.6205102
BKR48,1932.6353948000026
JBP32,1723.1447538000025
EVN95,4016.400307599998
KGF12,559.0806735999995
LOS50,2871.1304297999977
RLS13,2571.1182866
QPF16,2589.074246799999
ZOJ13,2964.5707992000002
WGC12,2930.3213813999987
GWC40,1535.5456168000007
GZY85,2958.6684822000007
DXJ52,1836.540480800003
BGU29,3780.5106965999994
MYA10,3308.954517599998
EVB28,1844.4388662000015
UQI78,2797.3384841999973
ZAM11,1536.2580228000008
DBJ11,3935.162054799998
YOJ46,1468.411005400001
FSJ13,2585.829137599999
RWD64,1522.959333600001
SRT14,2977.5552308
UCM12,1810.7154304000019
HSZ90,3900.0071489999987
HCI51,776.4057831999999
IAU19,1568.5459938000013
ZQK44,513.2097168
TZF64,335.5456474000002
THU10,1233.0859927999995
QUY11,1575.0202330000009
BAX62,759.3593057999999
KKJ43,1544.0771780000011
RHR86,2716.4963824000006
OOB26,778.8226371999998
MRS69,1153.028203399998
YUE24,617.5345845999997
RXG14,1835.164938000003
IYX45,817.7619502000001
FIH14,1735.9187926000025
ATT10,4171.545023600002
DCV26,2086.976490200002
UAS12,810.1232268000001
YQV21,3928.637880599999
GSN53,2252.660820200002
ZXN29,1703.3824782000027
ENH17,2893.892800199999
SLY12,2584.1147025999976
KXG14,1139.4671889999977
DIA66,813.0167936000003
OAY27,1828.0521966000028
DXX87,2871.5498837999985
OKH95,2582.0280853999984
SYQ15,527.4312048
TOK11,1803.5567488000017
MEF33,2802.8080312000016
ZOJ13,4890.571738799995
ZTE88,1711.776884600002
IEW96,952.9845985999996
BJE52,2584.0135009999995
OTC46,2641.4767016000005
UBT47,315.7827060000003
OLD10,2970.8719303999997
XDH81,3259.3011509999997
APX64,1748.8859134000031
FMT10,3983.3879461999977
FTY40,550.3287325999995
HFF15,1090.976974999999
DRY11,1473.592261000001
MKR14,5862.641736199998
RZH55,900.9996003999996
OJT30,248.60881240000026
YAA14,1716.4581244000021
WEX14,900.6567133999998
KKK25,1702.0708522000027
SWG81,322.8182146000003
TLK62,2944.1134284000013
NSG12,1839.9493768000034
FRD35,1744.057531800003
QDC31,589.5882953999991
GKI48,1652.5652932000025
UTM98,4888.742120399996
TLK62,514.1598133999997
CJZ63,1726.4824092000017
XWX56,366.1884265999998
DLV10,596.8941187999997
SES94,2953.0298219999995
KVS72,1711.7835426000022
XNT10,1897.8739768000032
URG12,1996.690015400003
IPC15,2866.9272343999983
LKT15,2924.9889891999983
SZA88,3296.231745399998
HIQ11,357.7647249999999
JYY11,2979.7596946000003
GWH45,432.50277240000037
KTS65,2958.5805966000003
JTW13,1472.3811708000007
LIC37,2959.797679
VMP31,302.80093760000005
WCQ91,2872.076531599998
NTE48,3959.307291799998
VYB31,2148.0716298000034
NCN85,1825.150640200003
ASG22,4181.986099200002
KXV82,3947.751001199998
VFH85,2883.172088599998
NFO12,3937.1068565999967
UQE10,3709.9159225999992
SPZ10,1548.128571000001
TUT39,744.9027903999998
JDT14,2953.9426338000007
NDP41,901.8005577999996
HWG64,2729.6459323999993
ACW12,3740.0387119999987
PJX11,2570.658218799998
MVI14,348.8030570000002
TZV99,3937.3765055999984
IIG27,936.7517287999989
SFQ33,885.2407801999992
HJY10,253.74279620000007
YZE70,2583.4196073999988
NUY94,777.1454869999999
QFD24,6350.211070999997
INK89,1933.1920036000029
RWD64,1513.7499880000005
OUT45,2187.2459702000033
USU11,2880.1120717999993
IEA75,2415.1040357999977
EBV12,609.1461703999992
IDG55,289.2239440000002
MDI34,178.12322959999977
PYC12,337.8306730000001
HZM67,759.3593057999999
PRU10,528.4026069999996
HIQ11,1872.704739400003
KBR19,2973.3240718000006
QKH44,777.3652009999998
KSA50,1739.8183832000032
OSH14,1942.0584622000038
DKR87,1719.1333088000022
ZKH72,2882.8072301999982
QHL12,2976.2782264000007
OHK62,1520.9392964000008
DZC65,256.49787660000015
BCT83,1988.7097366000007
YPS49,2918.6252728
ASG22,2617.756244999999
QEF34,3543.7335741999964
UOA58,817.7406446
EXZ14,2588.829898199998
ALR41,1530.2338644000008
LLH93,5784.434870799997
MIP41,4901.681277599994
YZF96,2594.846066999998
WAQ97,907.5164507999999
EOX12,2142.9622806000025
YNH71,3946.164399799997
RRA15,2589.841914199998
KGC13,3930.2078369999986
GRU16,2530.0883616
KKK25,1644.144254800003
PYE12,4113.661037400002
WWF98,1933.6087944000028
ZMR15,901.1114547999995
OOB26,177.09656599999985
VKW64,2972.7155305999995
AWN68,1812.737465000002
RMF83,4818.366394599998
LHC12,776.6215023999997
VQW12,1536.239380400001
ANV76,2148.294672800003
CZV11,1875.9864676000036
ELK66,2586.393070199998
XRI86,2454.281705199998
DIR24,490.08914599999997
FKP21,1699.5088538000014
JNE88,3952.699226799998
YFI46,778.4198282
GVZ23,801.8240298000001
MPG14,3820.905448399998
BFA10,3871.217956999998
KKC12,6026.680208599998
GTU11,3611.2523521999983
XRY13,2118.7051892000027
ESB61,1720.343067400002
TNK24,1528.452183600001
GRD25,2574.4133307999987
WAQ97,861.5376343999999
RCT12,2510.1702888000013
LGB10,2971.1202738
DOD12,776.7393489999998
XVT88,3912.858420599998
ORS21,2805.898674799999
LHB99,3135.9463876
JHT69,1525.4587468000004
UOA58,811.0007512
XBP87,3929.1145933999987
UFE10,3981.7174539999983
KVS72,1714.8821758000024
NXQ22,356.5682824000001
QUH78,4200.880837400001
YSA54,2670.734616799999
NDP41,901.8005577999996
DAD76,2584.817121599998
UAS12,802.4145943999998
UMO34,6139.141152399996
YAO11,2634.9491984000006
UMC12,2975.021196
ZUC11,330.3910238000001
QQZ11,2981.1618694000003
VNK13,1763.5861116
GCD72,776.3398689999997
ZVH10,1804.2937894000024
JBC11,1140.567090599998
UQI78,2805.402653799998
MPG14,3699.7032163999997
ZNR36,1738.482788400003
GAA13,2863.849906799998
SVQ36,2869.3107983999985
GUA99,1639.1301150000027
MDT12,1937.7061276000034
XJA26,1520.210911200001
DOS34,4428.8800526
CXN95,3948.977404799998
MKO99,311.79389820000017
XNT10,1847.5141964000024
CZV11,1859.4226952000029
MEF73,838.5242573999998
EOX12,2149.5030998000034
JJZ12,2125.2919486000023
TVS63,2568.2213907999985
TMZ13,2488.9399242000013
XQB11,1812.879280400002
RSY89,872.1897685999995
PYY23,623.277109599999
ZJZ12,987.7020737999989
RMM57,3928.7390821999984
HIM13,1639.2626092000028
FCJ12,433.0573838000005
HSB92,1942.6337134000028
LYL11,810.5759708
KEB73,1516.9225250000009
DOY13,1540.214872200001
NSG12,1835.288111000003
SLH10,973.8281333999992
KZY10,1718.2477948000026
KQB34,777.1195207999999
TMZ19,3938.7467219999976
YOV13,1519.979212800001
KUD34,2609.9197790000003
LHB99,3426.6353333999978
WGC12,2886.963819599998
CEI26,2384.8753841999983
IKW10,3931.536773799999
IHP10,2974.9133364
ZVH10,1826.372383200003
BAX62,205.93369560000036
VUP73,1719.363675600002
GMN17,350.19724220000006
EJJ98,629.2799624
SZL68,2870.623755999999
KQB14,2438.3584323999985
PPX45,803.3287377999999
OIX75,1537.8419610000005
UBN10,349.29308580000026
OZD18,4366.9832898
NUW49,2485.722112800001
DPL20,777.3585429999997
SWI46,2144.943701400003
OVU58,900.3863985999999
WBN96,2953.037811600002
FES30,1542.1769848000008
IBE74,793.410981
CQK14,1470.7639426000005
SAS13,2957.9853714
AIR10,1641.927140800003
RCT12,2600.326932599998
EGJ70,2105.7973246000024
UJM11,3929.1418911999976
LVI11,776.6847533999999
YJC10,2769.963451399999
STK69,2562.9009829999995
RCG12,2891.753584799999
DPT13,1556.296605400001
AKE16,3004.888983999999
ZGG52,356.8665607999999
QBV12,2567.6787637999983
OIF72,433.67924100000056
DSY84,1825.946937000003
MKK14,780.1202813999996
ZCH56,1933.8764460000034
NJZ80,3894.457705999998
YLU79,799.1415215999998
UQC15,2872.653114399998
QGH13,545.8645435999991
LFG35,816.9316976000001
GSR10,1710.831448600002
CXN95,3772.8047274000005
SAD14,2657.201566000001
HIM13,1623.1722206000027
DAM28,3901.766858399999
IYQ61,431.9821168000005
WVJ47,2533.244919400002
YQO80,2496.4754486000015
FWU13,3757.0219384
VLR87,5485.8781664
KJO95,296.38662039999986
YMU12,333.77528520000016
KSO48,5506.978699999995
JVG23,545.9963719999993
UQC15,4458.5640797999995
NKD77,2584.500866599999
PNT79,773.8377925999997
IBB12,2998.435384599999
NDP41,1756.1884078000007
UNO12,250.78065200000012
JLR10,2781.899248000002
FTE97,2877.982177599998
RKO79,2867.992514399998
AHD74,4199.348165800003
TUA11,776.1780795999998
DFL12,2885.4591116
SRC13,3959.268675399998
CNO62,2588.5642439999983
VTP18,344.4340773999998
ENI41,2144.654744200003
GKR83,512.1750635999998
GZY97,2598.6424585999976
YUP11,2595.837443199998
ZGW12,1469.6933362000009
ZGG52,1933.4676448000027
YBZ14,2128.5084284000022
MUE19,3963.2668043999984
YJY59,3751.2361364000008
SVE76,1941.3926622000033
BGC59,1940.7947738000025
MQO56,777.4624077999998
DVZ11,2805.4212961999983
XPL78,1641.7826622000027
ZEE32,3873.6900723999997
NOR77,5085.387481999998
UAV72,1534.5269428000006
RKO79,2871.8501595999974
PNU88,3771.1994836000003
GRU16,1505.5260264000008
GKD13,743.8408393999997
ALR41,1532.5348692000002
BDC33,2725.5699048000006
UBT47,1535.645486800001
XRU43,3338.7823576000005
PXU66,1809.4637264000012
MII51,1524.2955942000006
DCB19,3910.8516993999983
QJS12,2584.7844973999977
XZA11,2981.0859681999996
VIQ13,1940.8267322000033
OMI11,3956.831847399998
SSW11,2586.6267659999985
ZIV91,2011.3103176000034
RHS94,2144.480304600003
YFI46,762.4652627999998
VNP14,3745.370438399999
IGQ78,1538.0370404000007
ADO13,3963.0351059999984
LKG52,1859.2955274000026
IKW10,604.7605458
KTS65,2805.870711200001
QRB67,2610.5802525999993
OZD18,2576.5911625999997
TNC52,2977.6298003999996
EOA13,3932.537471199998
FCF11,2484.9231528000014
LCH20,743.1064619999996
ZSC82,2866.419894799998
MEF33,2887.935887599998
ZLP33,2983.1559403999986
VQU85,1518.817391800001
DUY39,819.3485516
YYN48,3596.3557429999983
EGU28,2983.2438259999994
EWF75,2870.6257533999983
ZKQ11,557.2244231999994
RQL15,1540.131647200001
KBR19,5346.255911599998
CCH19,433.1692382000005
JTW13,2571.2008457999987
YEY91,2494.3122644000005
APX13,3942.079716799998
WTA87,3835.5483878
JBP32,1712.2895506000018
IMW22,3956.1753685999984
GPT11,2192.771444400003
TQS13,759.7860835999998
WEA21,618.9727125999995
CWT37,3872.6920382
IEB77,273.9025544000003
JXN83,3404.2451452
UYH58,434.1985650000004
MUE19,3953.6586445999983
TTM88,2654.2187819999995
DPF60,311.7419658000002
WWX99,3833.617567799998
IZD14,810.6731776000001
DZQ18,779.8839223999997
CSM50,1735.7177210000023
ESB61,1745.9983388000032
SFC11,1094.5669685999992
CQZ29,1473.1475066000005
WDW84,439.41843700000055
IUR77,3944.9799415999987
ASG22,431.45946380000055
QYH11,1521.738256400001
KAY10,3907.0133623999977
HQU11,3748.203417400001
ZVR52,1953.7938530000035
BNU14,3294.310912399998
ORS21,480.91242460000035
YOV13,1538.393909200001
HTY10,803.3220798
KKC12,3935.2479429999985
ALQ91,776.3851433999998
CTA35,2974.686298599999
IZT30,505.2467488000004
LME51,1517.7114980000003
TVD11,3048.7225928000007
ZKO55,329.17327560000035
FPR69,4459.668642
NSF70,1942.375383000003
YYJ78,184.3464621999998
SRC13,4030.898102599997
QAE90,1759.1905000000004
URV12,2583.301094999998
WVJ47,2801.8246445999976
IEW96,956.2110653999987
OTC46,1562.346064200001
BCT83,287.82443240000043
ZFZ28,3816.0218054
OLD10,2911.8867110000024
ROJ11,2147.205424000003
MYA10,5866.153165399998
ALV12,2976.7682552000006
YBM44,1713.4433820000022
PNK10,1950.4941482000033
YJM13,4005.1336399999977
UIR34,1532.8364766000007
LLI13,2863.1228532000005
WJU16,777.1508134
NDP41,901.8005577999996
JXC75,564.7592817999995
YQL23,1546.369527400001
SGZ11,1820.322258600003
VOR91,1769.7094742000006
IOG99,1135.467062599998
URV12,2488.498498800001
NPE65,4055.589295600001
KGC13,3928.0226813999975
CWT37,3866.721809599999
HQU11,5939.3086061999975
JHP96,776.4437337999998
EHR84,323.4660380000002
EWF75,2875.0353467999976
HMD10,1716.3256302000023
QRC79,1730.7162314000018
BNH40,2869.843438399998
JXN83,3606.5371565999985
GYZ10,193.59975059999982
TEP90,959.0340573999991
JTL20,889.3607505999996
QYX54,3924.7349609999983
OTB75,434.28511900000063
LNA17,850.0412658
IOG99,759.7601173999999
IHO60,608.6022117999995
LCH20,776.5156401999999
WGW41,2886.9378533999975
BWJ76,2868.6603117999985
AHF89,325.8189752000003
QGV13,3861.1989985999985
MOL44,1795.9905976000018
GNP12,3966.8754403999974
GVZ23,849.4273982000002
EVE11,2202.152566400003
IBY35,3688.8513421999996
IUN21,2593.4572082000004
DVB70,2626.7904851999992
KRS13,3924.700339399999
YSQ17,3938.0056865999977
LKL13,4089.3014128
KDE69,2577.269612799999
VVO38,1518.800081000001
VOE12,5868.863637199999
PTX15,4844.239382599994
NXX10,1900.7029610000025
NKH42,551.1576535999995
JRE61,881.4989841999994
PJX11,2582.050722599998
YMG27,777.0482801999997
ZLI11,4367.736309600002
APE89,583.7305869999997
BUX15,2653.9857520000005
TGY15,2892.7489558000025
KFT87,1637.2618802000025
TZT48,1550.110657600001
NCG56,2973.0910418000003
OFA73,1708.6349744000013
KPX48,2540.420911799999
KDE69,2194.1689586000025
AJM90,3929.3449601999987
SHY10,3664.640190999999
PPX12,504.69812959999996
GQT13,439.1288140000004
DJF15,1560.1009866000015
FCY92,2582.4741713999974
RID69,2587.6714061999987
HQW98,4856.095948999995
QAK10,2866.8826257999976
GDV12,986.7160239999989
CPQ12,632.1575499999996
JNE88,3819.8827795999982
SAC31,4439.2199266
IAN13,2853.0812575999994
OAW37,4866.373903599995
BUQ68,2602.736462799999
RDQ13,1517.018400200001
AFT64,3949.2750173999984
NQE11,3603.441852399999
UML60,3498.353977799997
WFU12,966.2892799999992
PZS93,1538.9338730000009
MSY10,3845.1026177999993
PYC12,1536.3172790000003
LZC90,2591.027704
EVI82,973.282843199999
JJQ10,2901.0428264000025
WOX94,551.6277083999996
MLD88,1943.121079000003
MJX11,777.2080722
EOK39,1539.055714400001
PHH13,1826.452279200003
JVY11,2494.6345116000007
OGC10,505.1082624000001
RZP72,2901.0734532000024
CJQ14,568.2973429999995
SZL68,2781.3959032000025
TZX36,873.3076467999994
ASG22,2520.8650342000014
FUU40,1753.261551000003
GNK67,5941.163524999995
PIV47,3508.8389962000006
YDR46,3962.611657199998
HAY13,4413.976785400001
JFM47,2977.3954387999997
CYY10,2561.195203400001
LVI11,1137.8386421999978
LHQ13,1762.9862257999998
ADT76,2923.218627000002
EHR84,1546.6638110000013
FOK66,4263.894146800002
SIY12,1548.957492000001
UCX61,744.4473831999995
CHF67,966.271303399999
XRZ81,776.6874165999999
CNP10,5400.127121199996
LSZ55,1227.6404145999993
JTL20,240.44077800000002
JDG81,440.7280656000003
HBG12,1283.1947665999996
DOD12,186.880497
WXP11,852.1891366
GLS37,184.66138560000002
GOU14,2776.6334358000013
ZAC12,2961.6153130000002
CSM50,1722.5175702000013
XVN59,762.2615279999997
LVI11,777.0309693999998
XPC22,1142.2295931999993
ZGW12,1473.4091660000004
LNA17,855.6632809999996
ZOJ13,2963.2152304000006
PZT93,810.4694428
IAP71,2958.3968358
NZA81,825.4199817999995
RMY66,1561.5064904000008
KGF12,2996.3527621999992
UQJ12,1540.9971872000006
JXG94,1720.0461206000018
RXG14,1835.7987796000032
GLJ63,1574.1473692000018
MJB10,1893.084211600001
PNK10,1936.8905226000027
TBT30,3562.8253892
TVS63,2584.8730487999987
NVY75,2006.2136186000032
GLS37,777.8332584
CQC14,2913.338155000002
WLW19,350.33839180000024
PYY23,3591.0479853999996
SLY12,2581.076657199999
VKK10,2735.913773599999
TTJ13,1539.2521254000005
GSV13,1748.3226466000021
ZXN29,1706.037022800002
RTV34,3926.894816199998
VFE97,610.2520641999996
KXW10,3270.8874026
CKE54,804.5997499999999
HAY13,2872.6943939999983
ZEE32,3684.325899600002
NDL93,3899.585031799998
